{"c":{"33":{"paths":[],"w":150.80857849121094}},"p":{"s":0.2652369009786216,"slc":"round","slj":"round","bsw":0.5,"lh":3,"space":150.80857849121094,"tf":0}}
