{"c":{"67":{"paths":[{"my":4.704061894531264,"mx":0,"dy":447.96763,"d":"m 0,0 c 0.85479,-0.62449,1.61363,-2.83049,-0.22678,-1.86536,-1.82297,1.08678,-4.08205,5.10137,-1.96252,6.67476,1.34323,0.71371,2.76497,-0.89213,3.44532,-1.83292,0.0262,-0.0487,0.0959,-0.0649,0.14828,-0.0405,0.0436,0.0243,0.0611,0.0811,0.0349,0.12165,-0.35762,0.65693,-0.86352,1.22465,-1.50025,1.67072,-3.04409,1.93025,-4.67516,-1.15977,-3.45404,-3.64963,0.57568,-1.41119,1.49152,-2.67639,2.89582,-3.54419,0.36633,-0.19465,0.80245,-0.3893,1.35196,-0.30008,1.67468,0.48661,0.56695,2.52229,-0.31401,3.19545,-0.28783,0.29197,-0.7414,-0.17032,-0.41867,-0.42985 z"}],"w":5.524200439453125},"97":{"paths":[{"my":-0.15838810546875948,"mx":0,"dy":452.83008,"d":"m 0,0 c 0.25295,-0.90835,-1.06412,-0.48661,-1.45662,-0.12165,-0.75013,0.40551,-2.21548,3.64152,-0.31401,2.38442,0.61056,-0.45417,1.16007,-1.08678,1.65724,-1.6545,0.0959,-0.15409,0.34017,0,0.21806,0.12977,-0.5495,0.61638,-1.02923,1.20032,-1.65724,1.75993,-0.47973,0.51095,-1.76191,0.74615,-1.83169,-0.30819,0.0611,-1.46796,1.4043,-2.78994,2.9307,-3.04136,0.21806,-0.008,0.52334,0.0162,0.71523,0.2352,0.18317,0.21087,0.21806,0.44607,0.20934,0.68937,-0.0174,0.35686,-0.5844,0.25953,-0.47101,-0.073 z"},{"my":-1.1965081054687516,"mx":0.22677999999996246,"dy":453.8682,"d":"m 0,0 c -1.70085,2.21411,0.68907,1.70316,1.38686,0.17031,0.0436,-0.10543,0.22678,-0.0324,0.17444,0.073,-0.48845,0.72181,-0.95073,1.46796,-1.94508,1.70316,-0.27039,0.0568,-0.66289,-0.0811,-0.8199,-0.39741,-0.29656,-0.75425,0.3489,-1.33819,0.73268,-1.88969,0.2355,-0.27575,0.70651,0.0649,0.471,0.34063 z"}],"w":5.18170166015625},"101":{"paths":[{"my":1.3180618945312403,"mx":0,"dy":451.35363,"d":"m 0,0 c 0.91584,-0.36496,1.77935,-0.94079,2.25908,-1.72749,0.11339,-0.18654,-0.0262,-0.32441,-0.27039,-0.3163,-1.2124,0.0973,-2.38992,2.10867,-1.82297,3.08191,1.0554,0.7948,2.52076,-0.42174,2.98304,-1.37875,0.0174,-0.0487,0.0698,-0.0649,0.12211,-0.0487,0.0436,0.0162,0.0611,0.073,0.0436,0.11354,-0.54078,0.88402,-1.3694,1.74371,-2.52947,1.80859,-0.64545,0.073,-1.28219,-0.3974,-1.35196,-0.99756,-0.23551,-1.15166,0.66289,-2.18167,1.70085,-2.66829,1.96253,-0.78669,1.83169,1.14355,0.48845,1.78427,-0.49717,0.27575,-1.02923,0.44606,-1.58746,0.50283,-0.0523,0.008,-0.0872,-0.0324,-0.096,-0.073,0,-0.0324,0.0174,-0.0649,0.0611,-0.0811 z"}],"w":3.92608642578125},"110":{"paths":[{"my":-0.060688105468727827,"mx":0,"dy":452.73238,"d":"m 0,0 c 0.42739,-0.64071,0.81117,-1.29765,1.31707,-1.90592,0.36634,-0.46229,0.93329,-1.19221,1.77063,-0.93268,0.34017,0.0973,0.54951,0.44606,0.57568,0.68937,0.12211,0.72993,-0.32273,1.20032,-0.39251,1.77615,-0.009,0,0.0262,0.0324,0.0785,0.0406,0.60184,0.0243,1.25602,-0.74615,1.66597,-1.18411,0.0262,-0.0324,0.0872,-0.0405,0.12211,-0.0162,0.0611,0.30008,-0.44484,0.79481,-0.63673,1.07867,-0.29656,0.35685,-1.07285,0.9408,-1.66596,0.45418,-0.53207,-0.59205,0.26167,-1.45985,0.10466,-2.01946,-0.0349,-0.12166,-0.0698,-0.13788,-0.11339,-0.16221,-1.2124,-0.2352,-2.1108,1.43552,-2.66903,2.26277,-0.0523,0.0973,-0.21806,0.0162,-0.157,-0.0811 z"},{"my":2.5346018945312494,"mx":1.3083500000000186,"dy":450.13709,"d":"m 0,0 c -0.26167,0.97323,-0.54951,1.88969,-1.16879,2.74127,-0.10467,0.12977,-0.30529,0.16221,-0.44484,0.0649,-0.13084,-0.0892,-0.16573,-0.24331,-0.096,-0.37308,0.40995,-0.76236,0.56695,-1.71127,0.65418,-2.58718,0.0698,-0.69748,1.2124,-0.52717,1.0554,0.1541 z"}],"w":5.57891845703125},"114":{"paths":[{"my":1.285621894531232,"mx":0,"dy":451.38607,"d":"m 0,0 c -0.52334,0.72182,-1.16007,1.7356,-2.28525,1.63017,-0.18317,-0.0243,-0.471,-0.14599,-0.58439,-0.40552,-0.096,-0.25142,-0.0523,-0.44606,-0.0175,-0.60827,0.16573,-0.6326,0.64545,-1.07867,0.54079,-1.45985,-0.14828,-0.4704,-1.02924,-0.90835,-0.62801,-1.54906,0.0262,-0.0406,0.0785,-0.0487,0.12211,-0.0324,0.0349,0.0243,0.0523,0.0649,0.0349,0.0973,-0.0611,0.24331,0.0611,0.47851,0.26167,0.62449,0.21806,0.17843,0.51462,0.34874,0.68034,0.69749,0.16573,0.35685,0.0436,0.74614,-0.0523,1.01378,-0.11339,0.34874,-0.34017,0.68938,-0.3489,0.98946,-0.009,0.0162,0.009,0.0487,0.12212,0.0811,0.76756,0.073,1.45663,-0.71371,2.00613,-1.19221,0.0698,-0.0568,0.20934,0.0324,0.14828,0.11354 z"},{"my":3.5159518945312698,"mx":-2.6952,"dy":449.15574,"d":"m 0,0 c -0.27039,0.8678,-0.60184,1.71938,-1.15134,2.47364,-0.0262,0.0405,-0.0785,0.0487,-0.12212,0.0243,-0.0349,-0.0243,-0.0436,-0.073,-0.0262,-0.10543,0.44483,-0.76237,0.68034,-1.63828,0.84606,-2.48175,0.0523,-0.29197,0.54079,-0.18654,0.45356,0.0892 z"}],"w":4.01861572265625},"115":{"paths":[{"my":1.7447418945312734,"mx":0,"dy":450.92695,"d":"m 0,0 c -0.77629,1.28142,-1.9538,1.63017,-3.18365,0.60016,-0.20934,-0.13788,-0.36634,-0.46229,-0.41867,-0.34874,0.0349,-0.0324,-0.0611,0.10543,-0.0611,0.18653,-0.17444,0.77048,0.55823,1.35442,1.33452,0.99757,1.0554,-0.88402,-0.33145,-2.4412,0.14828,-3.73884,0,0,0.34017,0.0649,0.34017,0.0649,-0.35762,0.90024,-0.72395,1.8167,-1.61363,2.40064,-0.19189,0.12166,-0.38378,-0.17031,-0.18317,-0.27575,0.7414,-0.50283,1.15135,-1.42741,1.46535,-2.22221,0.0174,-0.0568,0.096,-0.0811,0.14828,-0.0487,0.34889,0.12977,0.30528,0.4704,0.38378,0.74615,0.24423,1.06245,0.88096,2.80616,-0.47973,3.4712,-0.85478,0.33252,-1.90146,-0.19464,-1.88402,-1.07867,0.0175,-0.27574,-0.0262,-0.59205,0.32273,-0.77858,0.0872,-0.0162,0.18317,-0.0405,0.29656,0.0243,1.10773,1.27331,2.29397,1.43552,3.26215,-0.073,0.0349,-0.0811,0.17444,-0.008,0.12211,0.073 z"}],"w":4.01544189453125},"118":{"paths":[{"my":3.045551894531229,"mx":0,"dy":449.62614,"d":"m 0,0 c -0.42739,1.07056,-0.81989,2.14922,-1.68341,3.01702,-1.72702,1.28954,-1.57001,-1.49229,-1.39557,-2.40875,0.0523,-0.37307,0.68907,-0.29197,0.61929,0.0811,-0.0611,0.7056,-0.27912,1.58151,-0.0698,2.22222,0.69779,0.17032,1.26474,-0.97323,1.60491,-1.46796,0.27911,-0.48662,0.53206,-0.98946,0.75884,-1.50851,0.0436,-0.0892,0.20061,-0.0406,0.16572,0.0649 z"},{"my":1.5532618945312606,"mx":1.343240000000037,"dy":451.11843,"d":"m 0,0 c -0.72395,1.56529,-2.02358,0.87591,-1.84913,-0.61638,0.0785,-0.35685,-0.0872,-1.25709,0.49717,-1.21654,0.17445,0.0324,0.28784,0.18653,0.25295,0.34874,-0.16572,0.54339,-0.35762,1.20843,-0.22678,1.75993,0.22678,0.68938,0.96818,0.0892,1.16879,-0.34063,0.0436,-0.0973,0.20062,-0.0324,0.157,0.0649 z"}],"w":4.5316162109375}},"p":{"s":6.940931432567087,"slc":"round","slj":"round","bsw":"0.5","lh":8.12103271484375,"space":4.682368687220982,"tf":7.491900353546157}}
