{"c":{"33":{"paths":[],"w":3.6199989318847656}},"p":{"s":8.977903201501432,"slc":"round","slj":"round","bsw":0.5,"lh":8.860000610351562,"space":3.6199989318847656,"tf":0}}
